Head;Package;PackageDIT;PackageCoupling;PackageComplexity
Type;String;double;double;double
Min;null;0;0;0
Max;null;10;50;1000
Data;verso.graphics;2.0;32.0;101.0
Data;verso.graphics.primitives;1.8;3.0;7.0
Data;verso.representation.cubeLandscape.modelVisitor;1.0;13.0;40.0
Data;verso.representation;1.6470588235294117;14.0;147.0
Data;verso.graphics.camera;1.5;1.0;35.0
Data;verso.model;2.1;10.0;87.0
Data;verso;1.8717948717948718;31.0;401.0
Data;verso.representation.cubeLandscape.representationModel;2.2222222222222223;8.0;74.0
Data;verso.representation.cubeLandscape;1.9285714285714286;14.0;138.0
Data;verso.parsing;2.0;11.0;66.0
Data;verso.parsing.csv;2.0;11.0;66.0
Data;verso.representation.cubeLandscape.Layout;2.0;7.0;24.0
Head;Class;Type;SuperClass;Ancestors;Interfaces;Targets;WMC;CBO;LCOM5;DIT
Type;String;String;String;StringList;StringList;StringList;double;double;double;double
Min;null;null;null;null;null;null;0;0;0;0
Max;null;null;null;null;null;null;100;25;2;10
Data;verso.graphics.primitives.CubeNoCap;Class;verso.graphics.primitives.Primitive;verso.graphics.primitives.Primitive,java.lang.Object;verso.representation.Renderable;javax.media.opengl.GL;1.0;1.0;0.0;2.0
Data;verso.representation.cubeLandscape.Layout.TreemapLayout;Class;verso.representation.Layout;verso.representation.Layout,java.lang.Object;;verso.representation.cubeLandscape.representationModel.EntityRepresentation,java.util.Iterator,verso.representation.cubeLandscape.representationModel.PackageRepresentation,java.io.PrintStream,verso.representation.cubeLandscape.Layout.MethodLayout,java.util.Collection,java.lang.Math;21.0;7.0;0.3333333333333333;2.0
Data;verso.parsing.csv.csvParser;Class;java.lang.Object;java.lang.Object;;java.io.BufferedReader,java.util.List,verso.model.Entity,verso.model.SystemDef,verso.model.Element,verso.model.ClassDef,java.util.StringTokenizer,java.lang.String,java.io.PrintStream,verso.model.Package;28.0;10.0;0.9821428571428571;1.0
Data;verso.model.LowLevelElement;Class;verso.model.Entity;verso.model.Entity,java.lang.Object;;;1.0;0.0;0.0;2.0
Data;verso.representation.cubeLandscape.modelVisitor.Mapping;Class;java.lang.Object;java.lang.Object;;;5.0;0.0;0.5;1.0
Data;verso.graphics.Scene;Class;javax.swing.JPanel;javax.swing.JPanel,javax.swing.JComponent,java.awt.Container,java.awt.Component,java.lang.Object;javax.media.opengl.GLEventListener,java.awt.event.KeyListener,java.awt.event.MouseMotionListener,java.awt.event.MouseWheelListener,java.awt.event.MouseListener;verso.graphics.camera.Camera,verso.representation.cubeLandscape.representationModel.LowLevelElementRepresentation,verso.representation.cubeLandscape.representationModel.EntityRepresentation,java.awt.Window,java.util.Map,verso.representation.Renderable,verso.representation.cubeLandscape.representationModel.ElementRepresentation,java.lang.Thread,java.io.PrintStream,javax.swing.JFrame,javax.media.opengl.GL,com.sun.opengl.util.BufferUtil,java.awt.Component,verso.model.Entity,java.lang.Throwable,javax.media.opengl.glu.GLU,verso.model.SystemDef,verso.graphics.camera.CameraSphere,javax.swing.JComponent,java.awt.event.KeyEvent,java.util.List,verso.representation.cubeLandscape.representationModel.PackageRepresentation,verso.parsing.csv.CsvParser2,verso.representation.cubeLandscape.modelVisitor.MappingVisitor,java.awt.event.InputEvent,java.nio.IntBuffer,java.awt.event.MouseEvent,verso.graphics.primitives.Cube,verso.representation.cubeLandscape.Layout.TreemapLayout,javax.media.opengl.GLJPanel,javax.media.opengl.GLAutoDrawable,java.awt.Container,java.lang.Math,verso.representation.cubeLandscape.representationModel.SystemRepresentation;57.0;34.0;0.9541446208112875;5.0
Data;verso.graphics.primitives.Cube;Class;verso.graphics.primitives.Primitive;verso.graphics.primitives.Primitive,java.lang.Object;verso.representation.Renderable;javax.media.opengl.GL;2.0;1.0;2.0;2.0
Data;verso.model.Metric;Class;java.lang.Object;java.lang.Object;java.lang.Comparable<verso.model.Metric>;;12.0;0.0;0.6944444444444444;1.0
Data;verso.graphics.primitives.Cartesian;Class;verso.graphics.primitives.Primitive;verso.graphics.primitives.Primitive,java.lang.Object;verso.representation.Renderable;com.sun.opengl.util.GLUT,javax.media.opengl.glu.GLU,javax.media.opengl.GL;1.0;3.0;0.0;2.0
Data;verso.representation.cubeLandscape.representationModel.LowLevelElementRepresentation;Class;verso.representation.cubeLandscape.representationModel.EntityRepresentation;verso.representation.cubeLandscape.representationModel.EntityRepresentation,java.lang.Object;verso.representation.Renderable;javax.media.opengl.GL,verso.graphics.primitives.Primitive;5.0;2.0;0.5833333333333334;2.0
Data;verso.model.ClassDef;Class;verso.model.Element;verso.model.Element,verso.model.Entity,java.lang.Object;;verso.representation.Visitor,java.util.Iterator,java.util.HashSet,verso.model.Metric,verso.model.Entity,java.util.Collection,java.util.HashMap;6.0;7.0;1.125;3.0
Data;verso.parsing.csv.BadFileException;Class;java.io.IOException;java.io.IOException,java.lang.Exception,java.lang.Throwable,java.lang.Object;;;1.0;0.0;0.0;4.0
Data;verso.representation.cubeLandscape.Layout.MethodLayout;Class;verso.representation.Layout;verso.representation.Layout,java.lang.Object;;verso.representation.cubeLandscape.representationModel.EntityRepresentation,verso.representation.cubeLandscape.representationModel.ElementRepresentation,java.lang.Math;3.0;3.0;0.0;2.0
Data;verso.model.Method;Class;verso.model.LowLevelElement;verso.model.LowLevelElement,verso.model.Entity,java.lang.Object;;verso.representation.Visitor,verso.model.Metric,verso.model.Entity,java.util.Set;7.0;4.0;1.0;3.0
Data;verso.representation.Renderable;Interface;null;;;;2.0;0.0;0.0;0.0
Data;verso.model.Attribute;Class;verso.model.LowLevelElement;verso.model.LowLevelElement,verso.model.Entity,java.lang.Object;;verso.representation.Visitor;2.0;1.0;0.0;3.0
Data;verso.parsing.csv.CsvParser2;Class;java.lang.Object;java.lang.Object;;java.io.BufferedReader,verso.model.Method,java.util.List,verso.model.Entity,verso.model.Element,verso.model.SystemDef,verso.model.ClassDef,java.lang.String,java.io.PrintStream;37.0;9.0;0.7;1.0
Data;verso.representation.Layout;Class;java.lang.Object;java.lang.Object;;;0.0;0.0;0.0;1.0
Data;verso.representation.cubeLandscape.modelVisitor.MappingVisitor;Class;java.lang.Object;java.lang.Object;;verso.representation.cubeLandscape.representationModel.LowLevelElementRepresentation,verso.representation.cubeLandscape.representationModel.EntityRepresentation,verso.representation.cubeLandscape.representationModel.MethodRepresentation,java.util.List,verso.model.Entity,verso.representation.cubeLandscape.representationModel.ElementRepresentation,verso.representation.cubeLandscape.representationModel.PackageRepresentation,java.lang.String,java.lang.Math;23.0;9.0;0.8;1.0
Data;verso.model.InterfaceDef;Class;verso.model.Element;verso.model.Element,verso.model.Entity,java.lang.Object;;verso.representation.Visitor;2.0;1.0;0.0;3.0
Data;verso.representation.cubeLandscape.representationModel.EntityRepresentation;Class;java.lang.Object;java.lang.Object;verso.representation.Renderable;;9.0;0.0;0.975;1.0
Data;verso.model.SystemDef;Class;java.lang.Object;java.lang.Object;;verso.representation.Visitor,java.lang.Object,java.util.Iterator,verso.model.Entity,verso.model.Element,java.lang.String,java.io.PrintStream,verso.model.Package,java.util.Collection,java.util.HashMap;16.0;10.0;0.7777777777777778;1.0
Data;verso.representation.cubeLandscape.representationModel.ElementRepresentation;Class;verso.representation.cubeLandscape.representationModel.EntityRepresentation;verso.representation.cubeLandscape.representationModel.EntityRepresentation,java.lang.Object;verso.representation.Renderable;verso.representation.cubeLandscape.representationModel.LowLevelElementRepresentation,java.util.Map,verso.representation.cubeLandscape.modelVisitor.MappingVisitor,javax.media.opengl.GL,verso.graphics.primitives.Primitive,java.util.Collection,java.util.HashMap,java.lang.Math;17.0;8.0;0.888888888888889;2.0
Data;verso.graphics.RotateTest;Class;java.lang.Object;java.lang.Object;java.lang.Runnable;javax.media.opengl.GLJPanel,verso.graphics.camera.CameraSphere;2.0;2.0;0.0;1.0
Data;verso.graphics.camera.Camera;Class;java.lang.Object;java.lang.Object;;;21.0;0.0;0.95;1.0
Data;verso.model.Package;Class;verso.model.Entity;verso.model.Entity,java.lang.Object;;verso.representation.Visitor,verso.model.Metric,verso.model.Entity,java.util.Hashtable,verso.model.Element,java.lang.String;17.0;6.0;0.5;2.0
Data;verso.representation.cubeLandscape.representationModel.InterfaceRepresentation;Class;verso.representation.cubeLandscape.representationModel.ElementRepresentation;verso.representation.cubeLandscape.representationModel.ElementRepresentation,verso.representation.cubeLandscape.representationModel.EntityRepresentation,java.lang.Object;;;1.0;0.0;0.0;3.0
Data;verso.representation.cubeLandscape.representationModel.SystemRepresentation;Class;java.lang.Object;java.lang.Object;verso.representation.Renderable;verso.representation.cubeLandscape.representationModel.PackageRepresentation,java.util.HashMap;6.0;2.0;0.75;1.0
Data;verso.model.Entity;Class;java.lang.Object;java.lang.Object;;verso.representation.Visitor,java.util.Hashtable;8.0;2.0;0.5833333333333334;1.0
Data;verso.representation.cubeLandscape.representationModel.PackageRepresentation;Class;verso.representation.cubeLandscape.representationModel.EntityRepresentation;verso.representation.cubeLandscape.representationModel.EntityRepresentation,java.lang.Object;verso.representation.Renderable;java.util.Map,verso.model.Entity,verso.representation.cubeLandscape.representationModel.ElementRepresentation,verso.representation.cubeLandscape.modelVisitor.MappingVisitor,javax.media.opengl.GL,verso.graphics.primitives.Primitive,java.util.HashMap;32.0;7.0;0.8833333333333334;2.0
Data;verso.model.Element;Class;verso.model.Entity;verso.model.Entity,java.lang.Object;;verso.representation.Visitor,verso.model.Method,java.util.HashSet,verso.model.Metric,verso.model.Entity,java.util.Hashtable;16.0;6.0;0.8958333333333334;2.0
Data;verso.representation.cubeLandscape.representationModel.AttributeRepresentation;Class;verso.representation.cubeLandscape.representationModel.LowLevelElementRepresentation;verso.representation.cubeLandscape.representationModel.LowLevelElementRepresentation,verso.representation.cubeLandscape.representationModel.EntityRepresentation,java.lang.Object;;;1.0;0.0;0.0;3.0
Data;verso.graphics.camera.CameraSphere;Class;verso.graphics.camera.Camera;verso.graphics.camera.Camera,java.lang.Object;;java.lang.Math;14.0;1.0;0.5925925925925926;2.0
Data;verso.graphics.primitives.Cylinder;Class;verso.graphics.primitives.Primitive;verso.graphics.primitives.Primitive,java.lang.Object;;javax.media.opengl.glu.GLU,javax.media.opengl.GL;1.0;2.0;0.0;2.0
Data;verso.representation.Visitor;Interface;null;;;;7.0;0.0;0.0;0.0
Data;verso.representation.cubeLandscape.representationModel.ClassRepresentation;Class;verso.representation.cubeLandscape.representationModel.ElementRepresentation;verso.representation.cubeLandscape.representationModel.ElementRepresentation,verso.representation.cubeLandscape.representationModel.EntityRepresentation,java.lang.Object;verso.representation.Renderable;;1.0;0.0;0.0;3.0
Data;verso.representation.cubeLandscape.modelVisitor.CubeLandScapeVisitor;Class;java.lang.Object;java.lang.Object;verso.representation.Visitor;verso.representation.cubeLandscape.representationModel.EntityRepresentation,verso.representation.cubeLandscape.representationModel.ElementRepresentation,verso.model.Element,verso.model.SystemDef,verso.representation.cubeLandscape.representationModel.PackageRepresentation,verso.model.Package,verso.representation.cubeLandscape.representationModel.SystemRepresentation;12.0;7.0;0.0;1.0
Data;verso.graphics.primitives.Primitive;Class;java.lang.Object;java.lang.Object;verso.representation.Renderable;;2.0;0.0;0.0;1.0
Data;verso.representation.cubeLandscape.representationModel.MethodRepresentation;Class;verso.representation.cubeLandscape.representationModel.LowLevelElementRepresentation;verso.representation.cubeLandscape.representationModel.LowLevelElementRepresentation,verso.representation.cubeLandscape.representationModel.EntityRepresentation,java.lang.Object;;verso.representation.cubeLandscape.modelVisitor.MappingVisitor;2.0;1.0;0.0;3.0
Head;Method;ReturnType;OverridenFrom;Targets;MCMethod;CohMethod;DITMethod;CouplingMethod
Type;String;String;StringList;StringList;double;double;double;double
Min;null;null;null;null;0;0;0;0
Max;null;null;null;null;50;1;10;25
Data;verso.graphics.Scene.mouseReleased(java.awt.event.MouseEvent);void;java.awt.event.MouseListener;;1.0;0.0;1.0;0.0
Data;verso.model.SystemDef.introduceOrCopy(verso.model.Package);verso.model.Package;;java.util.HashMap<java.lang.String,verso.model.Package>.containsKey(java.lang.Object),java.util.HashMap<java.lang.String,verso.model.Package>.get(java.lang.Object),verso.model.Entity.getMetrics(),verso.model.Entity.getName(),verso.model.Package.introduceOrCopy(verso.model.Package),java.lang.String.substring(int,int),verso.model.Entity.setMetrics(java.util.Collection<verso.model.Metric>),java.lang.String.indexOf(int),java.util.HashMap<java.lang.String,verso.model.Package>.put(java.lang.String,verso.model.Package);4.0;0.2;0.0;9.0
Data;verso.graphics.Scene.keyTyped(java.awt.event.KeyEvent);void;java.awt.event.KeyListener;;1.0;0.0;1.0;0.0
Data;verso.representation.cubeLandscape.representationModel.PackageRepresentation.getPackage();verso.model.Package;;;1.0;0.08333333333333333;0.0;0.0
Data;verso.representation.cubeLandscape.representationModel.ElementRepresentation.ElementRepresentation(verso.model.Element);Constructor;;;1.0;0.4444444444444444;0.0;0.0
Data;verso.representation.cubeLandscape.representationModel.LowLevelElementRepresentation.setTwist(double);void;;;1.0;0.3333333333333333;0.0;0.0
Data;verso.model.Metric.getMax();double;;;1.0;0.25;0.0;0.0
Data;verso.model.Method.Method(java.lang.String);Constructor;;;1.0;0.0;0.0;0.0
Data;verso.representation.cubeLandscape.representationModel.EntityRepresentation.setColor(java.awt.Color);void;;;1.0;0.2;0.0;0.0
Data;verso.representation.Renderable.render(javax.media.opengl.GL);void;;;1.0;0.0;0.0;0.0
Data;verso.representation.cubeLandscape.modelVisitor.CubeLandScapeVisitor.visit(verso.model.InterfaceDef);java.lang.Object;verso.representation.Visitor;verso.representation.cubeLandscape.representationModel.ElementRepresentation.addMethod(verso.representation.cubeLandscape.representationModel.MethodRepresentation),verso.model.Method.accept(verso.representation.Visitor),java.lang.Math.random(),verso.model.Element.getMethods(),verso.representation.cubeLandscape.representationModel.EntityRepresentation.setHeight(double);2.0;0.0;1.0;5.0
Data;verso.model.ClassDef.toString();java.lang.String;java.lang.Object;java.util.Iterator<verso.model.Metric>.next(),verso.model.Metric.toString(),verso.model.Entity.getMetrics(),verso.model.Entity.getName(),java.util.Iterator<verso.model.Metric>.hasNext(),java.util.Collection<verso.model.Metric>.iterator();2.0;0.0;1.0;6.0
Data;verso.graphics.camera.Camera.setLookAtZ(float);void;;;1.0;0.1111111111111111;0.0;0.0
Data;verso.representation.Renderable.setCamDist(double,double,double);void;;;1.0;0.0;0.0;0.0
Data;verso.representation.cubeLandscape.Layout.MethodLayout.placeMethods(verso.representation.cubeLandscape.representationModel.ElementRepresentation);void;;verso.representation.cubeLandscape.representationModel.EntityRepresentation.setPosZ(int),verso.representation.cubeLandscape.representationModel.EntityRepresentation.setPosX(int),java.lang.Math.ceil(double),java.lang.Math.sqrt(double),verso.representation.cubeLandscape.representationModel.ElementRepresentation.getMethods(),java.util.Collection<verso.representation.cubeLandscape.representationModel.MethodRepresentation>.size();3.0;0.0;0.0;6.0
Data;verso.representation.cubeLandscape.modelVisitor.Mapping.Mapping(java.lang.String,java.lang.String);Constructor;;;1.0;1.0;0.0;0.0
Data;verso.model.Metric.setValue(double);void;;;1.0;0.25;0.0;0.0
Data;verso.representation.cubeLandscape.representationModel.LowLevelElementRepresentation.setGridSize(double);void;;;1.0;0.3333333333333333;0.0;0.0
Data;verso.graphics.camera.CameraSphere.computeSphericalCoordinates();void;;java.lang.Math.atan(double),java.lang.Math.sqrt(double),java.lang.Math.acos(double);1.0;1.0;0.0;3.0
Data;verso.graphics.Scene.checkCamPos();void;;javax.media.opengl.GLJPanel.display(),verso.graphics.camera.Camera.getY();3.0;0.19047619047619047;0.0;2.0
Data;verso.representation.cubeLandscape.representationModel.ElementRepresentation.getEntity();verso.model.Entity;verso.representation.cubeLandscape.representationModel.EntityRepresentation;;1.0;0.1111111111111111;1.0;0.0
Data;verso.parsing.csv.csvParser.parseHeader(java.lang.String);void;;java.lang.String.equals(java.lang.Object),java.util.List<java.lang.String>.add(java.lang.String),java.util.StringTokenizer.hasMoreTokens(),java.util.StringTokenizer.nextToken(),java.lang.String.trim();9.0;1.0;0.0;5.0
Data;verso.graphics.Scene.gameloop();void;;javax.media.opengl.GLJPanel.display();2.0;0.09523809523809523;0.0;1.0
Data;verso.model.SystemDef.accept(verso.representation.Visitor);java.lang.Object;;verso.representation.Visitor.visit(verso.model.SystemDef);1.0;0.0;0.0;1.0
Data;verso.model.Method.toStringSpecial(int);java.lang.String;;verso.model.Entity.getMetrics(),verso.model.Entity.getName(),verso.model.Metric.getValue(),verso.model.Metric.getName();3.0;0.0;0.0;4.0
Data;verso.graphics.camera.CameraSphere.zoom(int);void;verso.graphics.camera.Camera;verso.graphics.camera.CameraSphere.computeCartesianCoordinate();1.0;0.3333333333333333;1.0;1.0
Data;verso.model.ClassDef.ClassDef(java.lang.String);Constructor;;;1.0;0.0;0.0;0.0
Data;verso.representation.Visitor.visit(verso.model.Method);java.lang.Object;;;1.0;0.0;0.0;0.0
Data;verso.graphics.Scene.generateLights(javax.media.opengl.GL);void;;javax.media.opengl.GL.glEnable(int),javax.media.opengl.GL.glLightfv(int,int,float[],int);1.0;0.0;0.0;2.0
Data;verso.representation.cubeLandscape.representationModel.SystemRepresentation.addPackage(verso.representation.cubeLandscape.representationModel.PackageRepresentation);void;;java.util.HashMap<java.lang.String,verso.representation.cubeLandscape.representationModel.PackageRepresentation>.put(java.lang.String,verso.representation.cubeLandscape.representationModel.PackageRepresentation),verso.representation.cubeLandscape.representationModel.PackageRepresentation.getPackage(),verso.model.Entity.getName();1.0;0.5;0.0;3.0
Data;verso.graphics.camera.Camera.getLookAtY();double;;;1.0;0.1111111111111111;0.0;0.0
Data;verso.representation.cubeLandscape.representationModel.ElementRepresentation.setCamDist(double,double,double);void;verso.representation.Renderable,verso.representation.cubeLandscape.representationModel.EntityRepresentation;java.lang.Math.sqrt(double),java.lang.Math.pow(double,double);1.0;0.1111111111111111;2.0;2.0
Data;verso.parsing.csv.csvParser.parseFile(java.lang.String);verso.model.SystemDef;;java.io.BufferedReader.readLine(),verso.parsing.csv.csvParser.parseHeader(java.lang.String),verso.parsing.csv.csvParser.parseLine(java.lang.String,verso.model.SystemDef),java.io.PrintStream.println(java.lang.Object);2.0;0.0;0.0;4.0
Data;verso.model.Metric.toString();java.lang.String;java.lang.Object;verso.model.Metric.getValue(),verso.model.Metric.getName();1.0;0.0;1.0;2.0
Data;verso.representation.cubeLandscape.modelVisitor.MappingVisitor.applyMapping(verso.representation.cubeLandscape.representationModel.ElementRepresentation);void;;verso.model.Metric.getMax(),java.lang.Math.min(double,double),verso.representation.cubeLandscape.representationModel.ElementRepresentation.getElementModel(),verso.representation.cubeLandscape.representationModel.ElementRepresentation.setTwist(double),verso.representation.cubeLandscape.representationModel.MethodRepresentation.acceptMapping(verso.representation.cubeLandscape.modelVisitor.MappingVisitor),java.lang.String.compareTo(java.lang.String),verso.representation.cubeLandscape.representationModel.EntityRepresentation.setColor(java.awt.Color),verso.representation.cubeLandscape.modelVisitor.Mapping.getMetric(),verso.representation.cubeLandscape.representationModel.EntityRepresentation.setHeight(double),verso.model.Entity.getMetric(java.lang.String),verso.model.Metric.getValue(),verso.representation.cubeLandscape.representationModel.ElementRepresentation.getMethods();7.0;0.3333333333333333;0.0;12.0
Data;verso.model.Element.accept(verso.representation.Visitor);java.lang.Object;verso.model.Entity;verso.representation.Visitor.visit(verso.model.Entity);1.0;0.0;1.0;1.0
Data;verso.representation.cubeLandscape.representationModel.SystemRepresentation.setCamDist(double,double,double);void;verso.representation.Renderable;;1.0;0.0;1.0;0.0
Data;verso.graphics.primitives.Cube.render(javax.media.opengl.GL);void;verso.representation.Renderable,verso.graphics.primitives.Primitive;javax.media.opengl.GL.glCallList(int);1.0;0.0;2.0;1.0
Data;verso.graphics.camera.Camera.setX(float);void;;;1.0;0.1111111111111111;0.0;0.0
Data;verso.representation.cubeLandscape.Layout.TreemapLayout.placeClasses(java.util.Collection<verso.representation.cubeLandscape.representationModel.ElementRepresentation>,int,int);int;;verso.representation.cubeLandscape.representationModel.EntityRepresentation.setPosZ(int),java.util.Collection<verso.representation.cubeLandscape.representationModel.ElementRepresentation>.iterator(),verso.representation.cubeLandscape.representationModel.EntityRepresentation.setPosX(int),java.util.Iterator<verso.representation.cubeLandscape.representationModel.ElementRepresentation>.hasNext(),verso.representation.cubeLandscape.Layout.MethodLayout.placeMethods(verso.representation.cubeLandscape.representationModel.ElementRepresentation),java.util.Iterator<verso.representation.cubeLandscape.representationModel.ElementRepresentation>.next();5.0;0.5;0.0;6.0
Data;verso.model.Package.addPackage(verso.model.Package);void;;verso.model.Entity.getName(),java.util.Hashtable<java.lang.String,verso.model.Package>.put(java.lang.String,verso.model.Package);1.0;0.5;0.0;2.0
Data;verso.representation.cubeLandscape.representationModel.PackageRepresentation.getEntity();verso.model.Entity;verso.representation.cubeLandscape.representationModel.EntityRepresentation;;1.0;0.08333333333333333;1.0;0.0
Data;verso.parsing.csv.CsvParser2.processHeadMethod(java.lang.String);void;;java.io.BufferedReader.readLine(),java.util.List<java.lang.String>.add(java.lang.String),java.lang.String.split(java.lang.String),java.lang.Double.valueOf(java.lang.String),java.util.List<java.lang.Double>.add(java.lang.Double),java.io.PrintStream.println(java.lang.Object);4.0;0.6666666666666666;0.0;6.0
Data;verso.graphics.Scene.keyPressed(java.awt.event.KeyEvent);void;java.awt.event.KeyListener;javax.media.opengl.GLJPanel.display(),verso.graphics.Scene.startRotate(),java.awt.event.KeyEvent.getKeyCode();5.0;0.14285714285714285;1.0;3.0
Data;verso.model.Element.addTarget(verso.model.Element);void;;java.util.Hashtable<java.lang.String,verso.model.Element>.put(java.lang.String,verso.model.Element),verso.model.Entity.getName();1.0;0.125;0.0;2.0
Data;verso.model.Element.addTarget(java.lang.String);void;;java.util.HashSet<java.lang.String>.add(java.lang.String);1.0;0.125;0.0;1.0
Data;verso.representation.cubeLandscape.representationModel.EntityRepresentation.setCamDist(double,double,double);void;verso.representation.Renderable;;1.0;0.0;1.0;0.0
Data;verso.model.Package.introduceOrCopy(verso.model.Package);verso.model.Package;;verso.model.Entity.getMetrics(),verso.model.Entity.getName(),java.lang.String.substring(int),verso.model.Package.introduceOrCopy(verso.model.Package),java.lang.String.substring(int,int),java.util.Hashtable<java.lang.String,verso.model.Package>.containsKey(java.lang.Object),verso.model.Entity.setMetrics(java.util.Collection<verso.model.Metric>),java.util.Hashtable<java.lang.String,verso.model.Package>.put(java.lang.String,verso.model.Package),java.lang.String.indexOf(int),java.lang.String.length(),verso.model.Package.addPackage(verso.model.Package),java.util.Hashtable<java.lang.String,verso.model.Package>.get(java.lang.Object);4.0;0.5;0.0;12.0
Data;verso.graphics.primitives.Cube.createDisplayList(javax.media.opengl.GL);void;;javax.media.opengl.GL.glPushMatrix(),javax.media.opengl.GL.glVertex3f(float,float,float),javax.media.opengl.GL.glEndList(),javax.media.opengl.GL.glEnd(),javax.media.opengl.GL.glBegin(int),javax.media.opengl.GL.glPopMatrix(),javax.media.opengl.GL.glNormal3f(float,float,float),javax.media.opengl.GL.glNewList(int,int);1.0;0.0;0.0;8.0
Data;verso.graphics.Scene.setLightsPosition(javax.media.opengl.GL);void;;;1.0;0.0;0.0;0.0
Data;verso.parsing.csv.csvParser.main(java.lang.String[]);void;;java.io.PrintStream.println(java.lang.String),verso.parsing.csv.csvParser.parseFile(java.lang.String),java.io.PrintStream.println(java.lang.Object);1.0;0.0;0.0;3.0
Data;verso.model.Element.toStringSpecial(int);java.lang.String;;verso.model.Entity.getMetrics(),verso.model.Entity.getName(),verso.model.Method.toStringSpecial(int),java.util.Hashtable<java.lang.String,verso.model.Method>.values(),verso.model.Metric.getValue(),verso.model.Metric.getName();4.0;0.125;0.0;6.0
Data;verso.representation.cubeLandscape.representationModel.SystemRepresentation.render(javax.media.opengl.GL);void;verso.representation.Renderable;java.util.HashMap<java.lang.String,verso.representation.cubeLandscape.representationModel.PackageRepresentation>.values(),verso.representation.cubeLandscape.representationModel.PackageRepresentation.render(javax.media.opengl.GL);2.0;0.5;1.0;2.0
Data;verso.graphics.Scene.mousePressed(java.awt.event.MouseEvent);void;java.awt.event.MouseListener;;1.0;0.0;1.0;0.0
Data;verso.representation.cubeLandscape.representationModel.EntityRepresentation.setPosZ(int);void;;;1.0;0.2;0.0;0.0
Data;verso.representation.cubeLandscape.representationModel.PackageRepresentation.addPackage(verso.representation.cubeLandscape.representationModel.PackageRepresentation);void;;java.util.HashMap<java.lang.String,verso.representation.cubeLandscape.representationModel.PackageRepresentation>.put(java.lang.String,verso.representation.cubeLandscape.representationModel.PackageRepresentation),verso.representation.cubeLandscape.representationModel.PackageRepresentation.getPackage(),verso.model.Entity.getName();1.0;0.08333333333333333;0.0;3.0
Data;verso.representation.cubeLandscape.representationModel.PackageRepresentation.render(javax.media.opengl.GL);void;verso.representation.Renderable,verso.representation.cubeLandscape.representationModel.EntityRepresentation;verso.representation.cubeLandscape.representationModel.PackageRepresentation.renderBorders(javax.media.opengl.GL),javax.media.opengl.GL.glScaled(double,double,double),verso.representation.cubeLandscape.representationModel.PackageRepresentation.render(javax.media.opengl.GL),javax.media.opengl.GL.glColor3f(float,float,float),javax.media.opengl.GL.glTranslated(double,double,double),java.awt.Color.getBlue(),javax.media.opengl.GL.glPushMatrix(),verso.representation.cubeLandscape.representationModel.ElementRepresentation.render(javax.media.opengl.GL),java.awt.Color.getRed(),java.util.Map<java.lang.Integer,verso.representation.cubeLandscape.representationModel.EntityRepresentation>.put(java.lang.Integer,verso.representation.cubeLandscape.representationModel.EntityRepresentation),java.util.HashMap<java.lang.String,verso.representation.cubeLandscape.representationModel.ElementRepresentation>.values(),java.util.HashMap<java.lang.String,verso.representation.cubeLandscape.representationModel.PackageRepresentation>.values(),java.awt.Color.getGreen(),javax.media.opengl.GL.glPopMatrix(),javax.media.opengl.GL.glLoadName(int),verso.graphics.primitives.Primitive.render(javax.media.opengl.GL);5.0;0.4166666666666667;2.0;16.0
Data;verso.representation.cubeLandscape.representationModel.PackageRepresentation.getElement(java.lang.String);verso.representation.cubeLandscape.representationModel.ElementRepresentation;;java.util.HashMap<java.lang.String,verso.representation.cubeLandscape.representationModel.ElementRepresentation>.get(java.lang.Object);1.0;0.08333333333333333;0.0;1.0
Data;verso.representation.cubeLandscape.modelVisitor.CubeLandScapeVisitor.visit(verso.model.Package);java.lang.Object;verso.representation.Visitor;verso.model.Element.accept(verso.representation.Visitor),verso.model.Package.accept(verso.representation.Visitor),verso.representation.cubeLandscape.representationModel.PackageRepresentation.addElement(verso.representation.cubeLandscape.representationModel.ElementRepresentation),verso.representation.cubeLandscape.representationModel.PackageRepresentation.addPackage(verso.representation.cubeLandscape.representationModel.PackageRepresentation),verso.model.Package.getSubElements(),verso.representation.cubeLandscape.representationModel.EntityRepresentation.setColor(java.awt.Color),verso.model.Package.getSubPackages();3.0;0.0;1.0;7.0
Data;verso.graphics.camera.Camera.setNormalX(float);void;;;1.0;0.1111111111111111;0.0;0.0
Data;verso.model.Element.Element(java.lang.String);Constructor;;;1.0;0.875;0.0;0.0
Data;verso.graphics.Scene.startRotate();void;;java.lang.Thread.start();2.0;0.047619047619047616;0.0;1.0
Data;verso.representation.cubeLandscape.representationModel.PackageRepresentation.getPackages();java.util.Collection<verso.representation.cubeLandscape.representationModel.PackageRepresentation>;;java.util.HashMap<java.lang.String,verso.representation.cubeLandscape.representationModel.PackageRepresentation>.values();1.0;0.08333333333333333;0.0;1.0
Data;verso.graphics.camera.CameraSphere.setRoh(double);void;;;1.0;0.3333333333333333;0.0;0.0
Data;verso.graphics.primitives.Primitive.setCamDist(double,double,double);void;verso.representation.Renderable;;1.0;0.0;1.0;0.0
Data;verso.model.Element.addChild(verso.model.Element);void;;java.util.Hashtable<java.lang.String,verso.model.Element>.put(java.lang.String,verso.model.Element),verso.model.Entity.getName();1.0;0.125;0.0;2.0
Data;verso.model.Method.setReturnType(java.lang.String);void;;;1.0;0.5;0.0;0.0
Data;verso.model.LowLevelElement.LowLevelElement(java.lang.String);Constructor;;;1.0;0.0;0.0;0.0
Data;verso.model.Element.getAttributes();java.util.Collection<verso.model.Attribute>;;java.util.Hashtable<java.lang.String,verso.model.Attribute>.values();1.0;0.125;0.0;1.0
Data;verso.model.InterfaceDef.accept(verso.representation.Visitor);java.lang.Object;verso.model.Element,verso.model.Entity;verso.representation.Visitor.visit(verso.model.InterfaceDef);1.0;0.0;2.0;1.0
Data;verso.representation.cubeLandscape.representationModel.SystemRepresentation.SystemRepresentation(verso.model.SystemDef);Constructor;;;1.0;0.5;0.0;0.0
Data;verso.model.Attribute.accept(verso.representation.Visitor);java.lang.Object;verso.model.Entity;verso.representation.Visitor.visit(verso.model.Attribute);1.0;0.0;1.0;1.0
Data;verso.model.Package.accept(verso.representation.Visitor);java.lang.Object;verso.model.Entity;verso.representation.Visitor.visit(verso.model.Package);1.0;0.0;1.0;1.0
Data;verso.representation.cubeLandscape.modelVisitor.Mapping.setGValue(java.lang.String);void;;;1.0;0.5;0.0;0.0
Data;verso.representation.Visitor.visit(verso.model.SystemDef);java.lang.Object;;;1.0;0.0;0.0;0.0
Data;verso.graphics.camera.CameraSphere.setTheta(double);void;;;1.0;0.3333333333333333;0.0;0.0
Data;verso.model.Package.containsPackage(java.lang.String);boolean;;java.util.Hashtable<java.lang.String,verso.model.Package>.containsKey(java.lang.Object);1.0;0.5;0.0;1.0
Data;verso.model.Package.addElement(verso.model.Element);void;;java.util.Hashtable<java.lang.String,verso.model.Element>.put(java.lang.String,verso.model.Element),verso.model.Entity.getName();1.0;0.5;0.0;2.0
Data;verso.parsing.csv.CsvParser2.processClass(java.lang.String);void;;java.util.List<java.lang.String>.get(int),java.util.List<java.lang.Double>.get(int),verso.model.Entity.addMetric(verso.model.Metric),verso.model.Element.setParent(java.lang.String),java.lang.String.compareTo(java.lang.String),verso.model.Element.addTarget(java.lang.String),verso.model.ClassDef.addInterface(java.lang.String),java.lang.String.split(java.lang.String),java.lang.Double.valueOf(java.lang.String),verso.model.SystemDef.addElement(verso.model.Element);7.0;0.4444444444444444;0.0;10.0
Data;verso.model.Entity.getName();java.lang.String;;;1.0;0.5;0.0;0.0
Data;verso.representation.cubeLandscape.modelVisitor.CubeLandScapeVisitor.visit(verso.model.SystemDef);java.lang.Object;verso.representation.Visitor;verso.model.Package.accept(verso.representation.Visitor),verso.model.SystemDef.getPackages(),verso.representation.cubeLandscape.representationModel.SystemRepresentation.addPackage(verso.representation.cubeLandscape.representationModel.PackageRepresentation);2.0;0.0;1.0;3.0
Data;verso.representation.cubeLandscape.representationModel.MethodRepresentation.MethodRepresentation(verso.model.Method);Constructor;;;1.0;0.0;0.0;0.0
Data;verso.parsing.csv.csvParser.parseClass(verso.model.SystemDef,java.lang.String,java.lang.String,java.lang.String,java.lang.String,java.lang.String,java.lang.String,java.lang.String[],java.util.List<java.lang.String>);void;;java.io.PrintStream.println(java.lang.String),verso.model.Element.addTarget(java.lang.String),java.util.StringTokenizer.nextToken(),java.util.List<java.lang.String>.get(int),verso.model.Entity.addMetric(verso.model.Metric),verso.model.Element.setParent(java.lang.String),java.util.StringTokenizer.hasMoreTokens(),java.lang.String.substring(int,int),verso.model.ClassDef.addInterface(java.lang.String),java.lang.Double.parseDouble(java.lang.String),java.lang.String.lastIndexOf(java.lang.String),verso.model.Element.addChild(java.lang.String),verso.model.SystemDef.addElement(verso.model.Element);5.0;0.0;0.0;13.0
Data;verso.graphics.Scene.display(javax.media.opengl.GLAutoDrawable);void;javax.media.opengl.GLEventListener;verso.graphics.camera.Camera.getNormalZ(),javax.media.opengl.GL.glFlush(),javax.media.opengl.GL.glEndList(),verso.graphics.camera.Camera.getLookAtZ(),verso.graphics.Scene.generateLights(javax.media.opengl.GL),verso.graphics.camera.Camera.getY(),verso.graphics.camera.Camera.getLookAtY(),verso.graphics.camera.Camera.getNormalX(),javax.media.opengl.GL.glClear(int),verso.graphics.camera.Camera.getZ(),javax.media.opengl.glu.GLU.gluLookAt(double,double,double,double,double,double,double,double,double),verso.graphics.camera.Camera.getX(),verso.graphics.camera.Camera.getNormalY(),javax.media.opengl.GL.glNewList(int,int),javax.media.opengl.GL.glPushMatrix(),verso.graphics.Scene.select(javax.media.opengl.GL),javax.media.opengl.GL.glClearColor(float,float,float,float),verso.graphics.camera.Camera.getLookAtX(),javax.media.opengl.GL.glLoadIdentity(),verso.graphics.Scene.render(javax.media.opengl.GL),javax.media.opengl.GL.glPopMatrix(),javax.media.opengl.GLAutoDrawable.getGL(),javax.media.opengl.GL.glCallList(int),javax.media.opengl.GL.glMatrixMode(int);3.0;0.19047619047619047;1.0;24.0
Data;verso.model.SystemDef.SystemDef(java.lang.String);Constructor;;;1.0;1.0;0.0;0.0
Data;verso.representation.cubeLandscape.representationModel.ElementRepresentation.getMethod(java.lang.String);verso.representation.cubeLandscape.representationModel.MethodRepresentation;;java.util.HashMap<java.lang.String,verso.representation.cubeLandscape.representationModel.MethodRepresentation>.get(java.lang.Object);1.0;0.1111111111111111;0.0;1.0
Data;verso.model.Package.getPackage(java.lang.String);verso.model.Package;;java.util.Hashtable<java.lang.String,verso.model.Package>.get(java.lang.Object);1.0;0.5;0.0;1.0
Data;verso.parsing.csv.csvParser.parseInterface(java.lang.String,java.lang.String,java.lang.String,java.lang.String,java.lang.String,java.lang.String,java.lang.String[]);void;;java.io.PrintStream.println(java.lang.String);1.0;0.0;0.0;1.0
Data;verso.graphics.Scene.keyReleased(java.awt.event.KeyEvent);void;java.awt.event.KeyListener;java.awt.event.KeyEvent.getKeyCode();2.0;0.047619047619047616;1.0;1.0
Data;verso.graphics.camera.CameraSphere.moveVerticalHorizontal(int,int);void;verso.graphics.camera.Camera;verso.graphics.camera.CameraSphere.computeCartesianCoordinate();4.0;0.6666666666666666;1.0;1.0
Data;verso.representation.Visitor.visit(verso.model.Package);java.lang.Object;;;1.0;0.0;0.0;0.0
Data;verso.model.Element.setParent(verso.model.Element);void;;;1.0;0.125;0.0;0.0
Data;verso.parsing.csv.CsvParser2.processHeadPackage(java.lang.String);void;;java.io.BufferedReader.readLine(),java.util.List<java.lang.String>.add(java.lang.String),java.lang.String.split(java.lang.String),java.lang.Double.valueOf(java.lang.String),java.util.List<java.lang.Double>.add(java.lang.Double),java.io.PrintStream.println(java.lang.Object);4.0;0.6666666666666666;0.0;6.0
Data;verso.graphics.camera.CameraSphere.addTheta(double);void;;;2.0;0.3333333333333333;0.0;0.0
Data;verso.representation.Visitor.visit(verso.model.Attribute);java.lang.Object;;;1.0;0.0;0.0;0.0
Data;verso.model.Entity.setMetrics(java.util.Collection<verso.model.Metric>);void;;java.util.Hashtable<java.lang.String,verso.model.Metric>.put(java.lang.String,verso.model.Metric),verso.model.Metric.getName();2.0;0.5;0.0;2.0
Data;verso.representation.cubeLandscape.representationModel.PackageRepresentation.acceptMapping(verso.representation.cubeLandscape.modelVisitor.MappingVisitor);void;;verso.representation.cubeLandscape.modelVisitor.MappingVisitor.applyMapping(verso.representation.cubeLandscape.representationModel.PackageRepresentation);1.0;0.0;0.0;1.0
Data;verso.model.Metric.getName();java.lang.String;;;1.0;0.25;0.0;0.0
Data;verso.graphics.camera.CameraSphere.CameraSphere();Constructor;;verso.graphics.camera.CameraSphere.computeCartesianCoordinate();1.0;0.0;0.0;1.0
Data;verso.representation.cubeLandscape.representationModel.ElementRepresentation.addAttribute(verso.representation.cubeLandscape.representationModel.AttributeRepresentation);void;;verso.model.Entity.getName(),java.util.HashMap<java.lang.String,verso.representation.cubeLandscape.representationModel.AttributeRepresentation>.put(java.lang.String,verso.representation.cubeLandscape.representationModel.AttributeRepresentation),verso.representation.cubeLandscape.representationModel.LowLevelElementRepresentation.getElement();1.0;0.1111111111111111;0.0;3.0
Data;verso.graphics.Scene.pick(int,int);verso.representation.cubeLandscape.representationModel.EntityRepresentation;;javax.media.opengl.GLJPanel.display();1.0;0.23809523809523808;0.0;1.0
Data;verso.graphics.Scene.reshape(javax.media.opengl.GLAutoDrawable,int,int,int,int);void;javax.media.opengl.GLEventListener;java.awt.Dimension.getHeight(),java.io.PrintStream.println(java.lang.String),java.awt.Dimension.getWidth(),javax.media.opengl.GL.glLoadIdentity(),javax.media.opengl.GLAutoDrawable.getGL(),javax.media.opengl.glu.GLU.gluPerspective(double,double,double,double),java.awt.Component.getSize(),javax.media.opengl.GL.glViewport(int,int,int,int),javax.media.opengl.GL.glMatrixMode(int);1.0;0.14285714285714285;1.0;9.0
Data;verso.graphics.camera.Camera.getNormalY();double;;;1.0;0.1111111111111111;0.0;0.0
Data;verso.model.InterfaceDef.InterfaceDef(java.lang.String);Constructor;;;1.0;0.0;0.0;0.0
Data;verso.representation.cubeLandscape.modelVisitor.CubeLandScapeVisitor.visit(verso.model.Attribute);java.lang.Object;verso.representation.Visitor;;1.0;0.0;1.0;0.0
Data;verso.graphics.camera.Camera.setY(float);void;;;1.0;0.1111111111111111;0.0;0.0
Data;verso.model.Element.addAttribute(verso.model.Attribute);void;;java.util.Hashtable<java.lang.String,verso.model.Attribute>.put(java.lang.String,verso.model.Attribute),verso.model.Entity.getName();1.0;0.125;0.0;2.0
Data;verso.graphics.primitives.Cartesian.render(javax.media.opengl.GL);void;verso.representation.Renderable,verso.graphics.primitives.Primitive;com.sun.opengl.util.GLUT.glutSolidSphere(double,int,int),javax.media.opengl.GL.glPushMatrix(),javax.media.opengl.glu.GLU.gluCylinder(javax.media.opengl.glu.GLUquadric,double,double,double,int,int),javax.media.opengl.glu.GLU.gluNewQuadric(),javax.media.opengl.GL.glPopMatrix(),javax.media.opengl.GL.glRotated(double,double,double,double),javax.media.opengl.GL.glColor3f(float,float,float);1.0;1.0;2.0;7.0
Data;verso.graphics.camera.Camera.getY();double;;;1.0;0.1111111111111111;0.0;0.0
Data;verso.model.ClassDef.addInterface(verso.model.InterfaceDef);void;;verso.model.Entity.getName(),java.util.HashMap<java.lang.String,verso.model.InterfaceDef>.put(java.lang.String,verso.model.InterfaceDef);1.0;0.25;0.0;2.0
Data;verso.model.Entity.Entity(java.lang.String);Constructor;;;1.0;1.0;0.0;0.0
Data;verso.model.Package.getSubPackages();java.util.Collection<verso.model.Package>;;java.util.Hashtable<java.lang.String,verso.model.Package>.values();1.0;0.5;0.0;1.0
Data;verso.model.ClassDef.addInterface(java.lang.String);void;;java.util.HashSet<java.lang.String>.add(java.lang.String);1.0;0.25;0.0;1.0
Data;verso.graphics.camera.Camera.setLookAtX(float);void;;;1.0;0.1111111111111111;0.0;0.0
Data;verso.representation.cubeLandscape.modelVisitor.CubeLandScapeVisitor.visit(verso.model.Method);java.lang.Object;verso.representation.Visitor;;1.0;0.0;1.0;0.0
Data;verso.model.Metric.getValue();double;;;1.0;0.25;0.0;0.0
Data;verso.graphics.primitives.Primitive.render(javax.media.opengl.GL);void;verso.representation.Renderable;;1.0;0.0;1.0;0.0
Data;verso.parsing.csv.csvParser.addPackages(java.lang.String,verso.model.Package);void;;java.io.PrintStream.println(java.lang.String),verso.model.Package.getPackage(java.lang.String),java.lang.String.equals(java.lang.Object),java.lang.String.substring(int),verso.model.Entity.getName(),java.lang.String.substring(int,int),java.lang.String.indexOf(java.lang.String),verso.model.Package.containsPackage(java.lang.String),verso.parsing.csv.csvParser.addPackages(java.lang.String,verso.model.Package),verso.model.Package.addPackage(verso.model.Package);4.0;0.0;0.0;10.0
Data;verso.model.Package.toStringSpecial(int);java.lang.String;;verso.model.Package.toStringSpecial(int),java.util.Hashtable<java.lang.String,verso.model.Element>.values(),verso.model.Entity.getMetrics(),verso.model.Entity.getName(),verso.model.Element.toStringSpecial(int),java.util.Hashtable<java.lang.String,verso.model.Package>.values(),verso.model.Metric.getValue(),verso.model.Metric.getName();5.0;1.0;0.0;8.0
Data;verso.representation.cubeLandscape.representationModel.ClassRepresentation.ClassRepresentation(verso.model.ClassDef);Constructor;;;1.0;0.0;0.0;0.0
Data;verso.graphics.camera.Camera.setNormalY(float);void;;;1.0;0.1111111111111111;0.0;0.0
Data;verso.parsing.csv.CsvParser2.main(java.lang.String[]);void;;verso.parsing.csv.CsvParser2.parseFile(java.lang.String);1.0;0.0;0.0;1.0
Data;verso.model.Metric.Metric(java.lang.String,double);Constructor;;;1.0;1.0;0.0;0.0
Data;verso.representation.Visitor.visit(verso.model.ClassDef);java.lang.Object;;;1.0;0.0;0.0;0.0
Data;verso.representation.cubeLandscape.representationModel.EntityRepresentation.setHeight(double);void;;;1.0;0.2;0.0;0.0
Data;verso.representation.cubeLandscape.representationModel.PackageRepresentation.getElements();java.util.Collection<verso.representation.cubeLandscape.representationModel.ElementRepresentation>;;java.util.HashMap<java.lang.String,verso.representation.cubeLandscape.representationModel.ElementRepresentation>.values();1.0;0.08333333333333333;0.0;1.0
Data;verso.model.Element.addChild(java.lang.String);void;;java.util.HashSet<java.lang.String>.add(java.lang.String);1.0;0.125;0.0;1.0
Data;verso.representation.cubeLandscape.modelVisitor.Mapping.setMetric(java.lang.String);void;;;1.0;0.5;0.0;0.0
Data;verso.model.SystemDef.addMethod(verso.model.Method);void;;java.util.HashMap<java.lang.String,verso.model.Element>.get(java.lang.Object),java.util.HashMap<java.lang.String,verso.model.Method>.put(java.lang.String,verso.model.Method),verso.model.Entity.getName(),java.lang.String.indexOf(java.lang.String),java.lang.String.substring(int,int),verso.model.Element.addMethod(verso.model.Method),java.lang.String.lastIndexOf(java.lang.String);1.0;0.4;0.0;7.0
Data;verso.graphics.Scene.print(verso.representation.cubeLandscape.representationModel.PackageRepresentation,int);void;;java.io.PrintStream.println(java.lang.String),verso.representation.cubeLandscape.representationModel.PackageRepresentation.getElements(),verso.representation.cubeLandscape.representationModel.PackageRepresentation.getPackage(),verso.representation.cubeLandscape.representationModel.PackageRepresentation.getSizeX(),verso.representation.cubeLandscape.representationModel.EntityRepresentation.getPosZ(),verso.model.Entity.getName(),verso.representation.cubeLandscape.representationModel.PackageRepresentation.getPackages(),verso.graphics.Scene.print(verso.representation.cubeLandscape.representationModel.PackageRepresentation,int),java.io.PrintStream.print(java.lang.String),verso.representation.cubeLandscape.representationModel.ElementRepresentation.getElementModel(),java.util.Collection<verso.representation.cubeLandscape.representationModel.ElementRepresentation>.size(),verso.representation.cubeLandscape.representationModel.EntityRepresentation.getPosX(),verso.representation.cubeLandscape.representationModel.PackageRepresentation.getSizeZ();4.0;0.0;0.0;13.0
Data;verso.parsing.csv.CsvParser2.parseFile(java.lang.String);verso.model.SystemDef;;java.io.PrintStream.println(java.lang.String),java.io.BufferedReader.readLine(),verso.model.SystemDef.ToStringSpecial(int),verso.parsing.csv.CsvParser2.processLine(java.lang.String),java.io.PrintStream.println(java.lang.Object);2.0;0.2222222222222222;0.0;5.0
Data;verso.representation.cubeLandscape.representationModel.SystemRepresentation.getPackages();java.util.Collection<verso.representation.cubeLandscape.representationModel.PackageRepresentation>;;java.util.HashMap<java.lang.String,verso.representation.cubeLandscape.representationModel.PackageRepresentation>.values();1.0;0.5;0.0;1.0
Data;verso.graphics.Scene.createPackage(verso.representation.cubeLandscape.representationModel.PackageRepresentation,int);void;;verso.representation.cubeLandscape.representationModel.ElementRepresentation.addMethod(verso.representation.cubeLandscape.representationModel.MethodRepresentation),verso.representation.cubeLandscape.representationModel.ElementRepresentation.getElementModel(),verso.graphics.Scene.createPackage(verso.representation.cubeLandscape.representationModel.PackageRepresentation,int),verso.representation.cubeLandscape.representationModel.PackageRepresentation.getPackage(),java.lang.Math.random(),verso.representation.cubeLandscape.representationModel.PackageRepresentation.addElement(verso.representation.cubeLandscape.representationModel.ElementRepresentation),verso.representation.cubeLandscape.representationModel.ElementRepresentation.setTwist(double),verso.model.Entity.getName(),verso.representation.cubeLandscape.representationModel.PackageRepresentation.addPackage(verso.representation.cubeLandscape.representationModel.PackageRepresentation),verso.representation.cubeLandscape.representationModel.EntityRepresentation.setColor(java.awt.Color),verso.representation.cubeLandscape.representationModel.EntityRepresentation.setHeight(double),verso.representation.cubeLandscape.representationModel.LowLevelElementRepresentation.setTwist(double);5.0;0.047619047619047616;0.0;12.0
Data;verso.representation.cubeLandscape.modelVisitor.MappingVisitor.addMethodMapping(verso.representation.cubeLandscape.modelVisitor.Mapping);void;;java.util.List<verso.representation.cubeLandscape.modelVisitor.Mapping>.add(verso.representation.cubeLandscape.modelVisitor.Mapping);1.0;0.3333333333333333;0.0;1.0
Data;verso.representation.Visitor.visit(verso.model.Entity);java.lang.Object;;;1.0;0.0;0.0;0.0
Data;verso.parsing.csv.csvParser.parseLine(java.lang.String,verso.model.SystemDef);void;;verso.parsing.csv.csvParser.parseClass(verso.model.SystemDef,java.lang.String,java.lang.String,java.lang.String,java.lang.String,java.lang.String,java.lang.String,java.lang.String[],java.util.List<java.lang.String>),verso.parsing.csv.csvParser.parseInterface(java.lang.String,java.lang.String,java.lang.String,java.lang.String,java.lang.String,java.lang.String,java.lang.String[]),java.lang.String.equals(java.lang.Object),java.util.List<java.lang.String>.size(),java.lang.String.split(java.lang.String),java.lang.String.toLowerCase(),java.lang.String.trim();4.0;0.125;0.0;7.0
Data;verso.graphics.primitives.CubeNoCap.render(javax.media.opengl.GL);void;verso.representation.Renderable,verso.graphics.primitives.Primitive;javax.media.opengl.GL.glPushMatrix(),javax.media.opengl.GL.glVertex3f(float,float,float),javax.media.opengl.GL.glEnd(),javax.media.opengl.GL.glBegin(int),javax.media.opengl.GL.glPopMatrix(),javax.media.opengl.GL.glNormal3f(float,float,float);1.0;0.0;2.0;6.0
Data;verso.representation.cubeLandscape.representationModel.PackageRepresentation.setRender(boolean);void;;;1.0;0.08333333333333333;0.0;0.0
Data;verso.model.Element.addMethod(verso.model.Method);void;;verso.model.Entity.getName(),java.util.Hashtable<java.lang.String,verso.model.Method>.put(java.lang.String,verso.model.Method);1.0;0.125;0.0;2.0
Data;verso.graphics.Scene.mouseMoved(java.awt.event.MouseEvent);void;java.awt.event.MouseMotionListener;javax.media.opengl.GLJPanel.display(),java.awt.event.InputEvent.isControlDown(),java.awt.event.InputEvent.isShiftDown(),java.awt.event.MouseEvent.getY(),verso.graphics.camera.CameraSphere.moveVerticalHorizontal(int,int),java.awt.event.MouseEvent.getX(),verso.graphics.Scene.checkCamPos(),verso.graphics.camera.CameraSphere.moveCross(int,int);3.0;0.19047619047619047;1.0;8.0
Data;verso.graphics.Scene.mouseClicked(java.awt.event.MouseEvent);void;java.awt.event.MouseListener;javax.media.opengl.GLJPanel.display(),java.io.PrintStream.println(java.lang.String),verso.representation.cubeLandscape.representationModel.EntityRepresentation.getEntity(),java.awt.event.MouseEvent.getY(),verso.representation.cubeLandscape.representationModel.PackageRepresentation.isRendered(),verso.model.Entity.getName(),verso.representation.cubeLandscape.representationModel.PackageRepresentation.setRender(boolean),java.awt.event.MouseEvent.getX(),verso.graphics.Scene.pick(int,int);5.0;0.14285714285714285;1.0;9.0
Data;verso.representation.cubeLandscape.Layout.TreemapLayout.layout(verso.representation.cubeLandscape.representationModel.PackageRepresentation);void;;java.io.PrintStream.println(java.lang.String),verso.representation.cubeLandscape.Layout.TreemapLayout.placePackage(verso.representation.cubeLandscape.representationModel.PackageRepresentation,int,int,int),java.lang.Math.ceil(double),verso.representation.cubeLandscape.Layout.TreemapLayout.arrangeLastChild(verso.representation.cubeLandscape.representationModel.PackageRepresentation,int),java.lang.Math.sqrt(double),verso.representation.cubeLandscape.representationModel.PackageRepresentation.countDescendantClasses();1.0;0.5;0.0;6.0
Data;verso.graphics.Scene.mouseDragged(java.awt.event.MouseEvent);void;java.awt.event.MouseMotionListener;;1.0;0.0;1.0;0.0
Data;verso.model.SystemDef.getPackages();java.util.Collection<verso.model.Package>;;java.util.HashMap<java.lang.String,verso.model.Package>.values();1.0;0.2;0.0;1.0
Data;verso.graphics.camera.Camera.getLookAtZ();double;;;1.0;0.1111111111111111;0.0;0.0
Data;verso.representation.cubeLandscape.representationModel.PackageRepresentation.setSizeZ(double);void;;;1.0;0.08333333333333333;0.0;0.0
Data;verso.representation.cubeLandscape.modelVisitor.MappingVisitor.addClassMapping(verso.representation.cubeLandscape.modelVisitor.Mapping);void;;java.util.List<verso.representation.cubeLandscape.modelVisitor.Mapping>.add(verso.representation.cubeLandscape.modelVisitor.Mapping);1.0;0.3333333333333333;0.0;1.0
Data;verso.graphics.camera.Camera.getLookAtX();double;;;1.0;0.1111111111111111;0.0;0.0
Data;verso.representation.cubeLandscape.representationModel.ElementRepresentation.setTwist(double);void;;;1.0;0.1111111111111111;0.0;0.0
Data;verso.representation.cubeLandscape.representationModel.PackageRepresentation.addElement(verso.representation.cubeLandscape.representationModel.ElementRepresentation);void;;verso.representation.cubeLandscape.representationModel.ElementRepresentation.getElementModel(),verso.model.Entity.getName(),java.util.HashMap<java.lang.String,verso.representation.cubeLandscape.representationModel.ElementRepresentation>.put(java.lang.String,verso.representation.cubeLandscape.representationModel.ElementRepresentation);1.0;0.08333333333333333;0.0;3.0
Data;verso.graphics.Scene.mouseWheelMoved(java.awt.event.MouseWheelEvent);void;java.awt.event.MouseWheelListener;javax.media.opengl.GLJPanel.display(),java.awt.event.MouseWheelEvent.getWheelRotation(),verso.graphics.Scene.checkCamPos(),verso.graphics.camera.CameraSphere.zoom(int);1.0;0.09523809523809523;1.0;4.0
Data;verso.representation.cubeLandscape.representationModel.PackageRepresentation.PackageRepresentation(verso.model.Package);Constructor;;;1.0;0.5833333333333334;0.0;0.0
Data;verso.graphics.camera.CameraSphere.setPhi(double);void;;;1.0;0.3333333333333333;0.0;0.0
Data;verso.representation.cubeLandscape.modelVisitor.MappingVisitor.applyMapping(verso.representation.cubeLandscape.representationModel.PackageRepresentation);void;;verso.model.Metric.getMax(),verso.representation.cubeLandscape.representationModel.PackageRepresentation.getElements(),verso.representation.cubeLandscape.representationModel.PackageRepresentation.getPackage(),verso.representation.cubeLandscape.representationModel.PackageRepresentation.getPackages(),verso.representation.cubeLandscape.modelVisitor.Mapping.getMetric(),verso.representation.cubeLandscape.representationModel.EntityRepresentation.setColor(java.awt.Color),verso.model.Entity.getMetric(java.lang.String),verso.representation.cubeLandscape.representationModel.EntityRepresentation.setHeight(double),java.lang.Math.min(double,double),verso.representation.cubeLandscape.representationModel.ElementRepresentation.acceptMapping(verso.representation.cubeLandscape.modelVisitor.MappingVisitor),java.lang.String.compareTo(java.lang.String),verso.representation.cubeLandscape.representationModel.PackageRepresentation.acceptMapping(verso.representation.cubeLandscape.modelVisitor.MappingVisitor),verso.model.Metric.getValue();7.0;0.3333333333333333;0.0;13.0
Data;verso.model.Metric.compareTo(verso.model.Metric);int;java.lang.Comparable<verso.model.Metric>;;3.0;0.25;1.0;0.0
Data;verso.representation.cubeLandscape.Layout.TreemapLayout.arrangeLastChild(verso.representation.cubeLandscape.representationModel.PackageRepresentation,int);void;;java.util.Collection<verso.representation.cubeLandscape.representationModel.PackageRepresentation>.iterator(),verso.representation.cubeLandscape.Layout.TreemapLayout.arrangeLastChild(verso.representation.cubeLandscape.representationModel.PackageRepresentation,int),verso.representation.cubeLandscape.representationModel.PackageRepresentation.getSizeX(),verso.representation.cubeLandscape.representationModel.EntityRepresentation.getPosZ(),java.util.Iterator<verso.representation.cubeLandscape.representationModel.PackageRepresentation>.hasNext(),verso.representation.cubeLandscape.representationModel.PackageRepresentation.setSizeZ(double),java.util.Iterator<verso.representation.cubeLandscape.representationModel.PackageRepresentation>.next(),verso.representation.cubeLandscape.representationModel.PackageRepresentation.setSizeX(double),verso.representation.cubeLandscape.representationModel.PackageRepresentation.getPackages(),verso.representation.cubeLandscape.representationModel.EntityRepresentation.getPosX(),verso.representation.cubeLandscape.representationModel.PackageRepresentation.getSizeZ();4.0;1.0;0.0;11.0
Data;verso.graphics.camera.CameraSphere.computeCartesianCoordinate();void;;java.lang.Math.sin(double),java.lang.Math.cos(double);1.0;1.0;0.0;2.0
Data;verso.model.Method.accept(verso.representation.Visitor);java.lang.Object;verso.model.Entity;verso.representation.Visitor.visit(verso.model.Method);1.0;0.0;1.0;1.0
Data;verso.graphics.Scene.select(javax.media.opengl.GL);void;;java.io.PrintStream.println(java.lang.String),com.sun.opengl.util.BufferUtil.newIntBuffer(int),javax.media.opengl.GL.glPushName(int),java.nio.IntBuffer.get(int[]),javax.media.opengl.GL.glFlush(),javax.media.opengl.glu.GLU.gluPickMatrix(double,double,double,double,int[],int),javax.media.opengl.GL.glInitNames(),javax.media.opengl.glu.GLU.gluPerspective(double,double,double,double),javax.media.opengl.GL.glSelectBuffer(int,java.nio.IntBuffer),javax.media.opengl.GL.glPushMatrix(),javax.media.opengl.GL.glLoadIdentity(),verso.graphics.Scene.render(javax.media.opengl.GL),javax.media.opengl.GL.glPopMatrix(),java.util.Map<java.lang.Integer,verso.representation.cubeLandscape.representationModel.EntityRepresentation>.get(java.lang.Object),javax.media.opengl.GL.glGetIntegerv(int,int[],int),javax.media.opengl.GL.glRenderMode(int),java.util.Map<java.lang.Integer,verso.representation.cubeLandscape.representationModel.EntityRepresentation>.clear(),javax.media.opengl.GL.glMatrixMode(int);4.0;0.2857142857142857;0.0;18.0
Data;verso.representation.cubeLandscape.representationModel.EntityRepresentation.render(javax.media.opengl.GL);void;verso.representation.Renderable;;1.0;0.0;1.0;0.0
Data;verso.representation.cubeLandscape.representationModel.PackageRepresentation.getPackage(java.lang.String);verso.representation.cubeLandscape.representationModel.PackageRepresentation;;java.util.HashMap<java.lang.String,verso.representation.cubeLandscape.representationModel.PackageRepresentation>.get(java.lang.Object);1.0;0.08333333333333333;0.0;1.0
Data;verso.representation.cubeLandscape.representationModel.ElementRepresentation.getAttribute(java.lang.String);verso.representation.cubeLandscape.representationModel.AttributeRepresentation;;java.util.HashMap<java.lang.String,verso.representation.cubeLandscape.representationModel.AttributeRepresentation>.get(java.lang.Object);1.0;0.1111111111111111;0.0;1.0
Data;verso.representation.cubeLandscape.representationModel.EntityRepresentation.setPosX(int);void;;;1.0;0.2;0.0;0.0
Data;verso.parsing.csv.CsvParser2.processMethod(java.lang.String);void;;java.util.List<java.lang.String>.get(int),verso.model.Method.addTarget(java.lang.String),verso.model.SystemDef.addMethod(verso.model.Method),java.util.List<java.lang.Double>.get(int),verso.model.Entity.addMetric(verso.model.Metric),java.lang.String.split(java.lang.String),java.lang.Double.valueOf(java.lang.String),verso.model.Method.setReturnType(java.lang.String);3.0;0.4444444444444444;0.0;8.0
Data;verso.representation.cubeLandscape.representationModel.ElementRepresentation.getMethods();java.util.Collection<verso.representation.cubeLandscape.representationModel.MethodRepresentation>;;java.util.HashMap<java.lang.String,verso.representation.cubeLandscape.representationModel.MethodRepresentation>.values();1.0;0.1111111111111111;0.0;1.0
Data;verso.representation.cubeLandscape.modelVisitor.Mapping.getMetric();java.lang.String;;;1.0;0.5;0.0;0.0
Data;verso.parsing.csv.CsvParser2.processHeadClass(java.lang.String);void;;java.io.BufferedReader.readLine(),java.util.List<java.lang.String>.add(java.lang.String),java.lang.String.split(java.lang.String),java.lang.Double.valueOf(java.lang.String),java.util.List<java.lang.Double>.add(java.lang.Double),java.io.PrintStream.println(java.lang.Object);4.0;0.6666666666666666;0.0;6.0
Data;verso.representation.cubeLandscape.representationModel.ElementRepresentation.getElementModel();verso.model.Element;;;1.0;0.1111111111111111;0.0;0.0
Data;verso.graphics.Scene.addRenderable(verso.representation.Renderable);void;;java.util.List<verso.representation.Renderable>.add(verso.representation.Renderable);1.0;0.047619047619047616;0.0;1.0
Data;verso.graphics.camera.Camera.setZ(float);void;;;1.0;0.1111111111111111;0.0;0.0
Data;verso.graphics.Scene.Scene();Constructor;;java.lang.Throwable.printStackTrace(),javax.media.opengl.GLJPanel.addGLEventListener(javax.media.opengl.GLEventListener),java.awt.Component.addMouseWheelListener(java.awt.event.MouseWheelListener),java.awt.Container.add(java.awt.Component,java.lang.Object),java.awt.Container.setLayout(java.awt.LayoutManager),java.awt.Component.setSize(int,int),java.awt.Component.addMouseListener(java.awt.event.MouseListener),java.awt.Component.setFocusable(boolean),javax.swing.JComponent.setPreferredSize(java.awt.Dimension),java.awt.Component.addMouseMotionListener(java.awt.event.MouseMotionListener),java.awt.Component.addKeyListener(java.awt.event.KeyListener);1.0;0.2857142857142857;0.0;11.0
Data;verso.graphics.Scene.init(javax.media.opengl.GLAutoDrawable);void;javax.media.opengl.GLEventListener;javax.media.opengl.GL.glEnable(int),verso.graphics.primitives.Cube.createDisplayList(javax.media.opengl.GL),javax.media.opengl.GLAutoDrawable.getGL(),javax.media.opengl.GL.glPolygonMode(int,int);1.0;0.0;1.0;4.0
Data;verso.graphics.Scene.displayChanged(javax.media.opengl.GLAutoDrawable,boolean,boolean);void;javax.media.opengl.GLEventListener;;1.0;0.0;1.0;0.0
Data;verso.parsing.csv.csvParser.addClassToHierarchy(java.lang.String,verso.model.Element,verso.model.Package);void;;verso.model.Package.getPackage(java.lang.String),java.lang.String.substring(int,int),java.lang.String.indexOf(java.lang.String),verso.parsing.csv.csvParser.addClassToHierarchy(java.lang.String,verso.model.Element,verso.model.Package),verso.model.Package.addElement(verso.model.Element),java.lang.String.length();2.0;0.0;0.0;6.0
Data;verso.graphics.camera.Camera.setLookAtY(float);void;;;1.0;0.1111111111111111;0.0;0.0
Data;verso.representation.cubeLandscape.representationModel.PackageRepresentation.setCamDist(double,double,double);void;verso.representation.Renderable,verso.representation.cubeLandscape.representationModel.EntityRepresentation;java.util.HashMap<java.lang.String,verso.representation.cubeLandscape.representationModel.PackageRepresentation>.values(),java.util.HashMap<java.lang.String,verso.representation.cubeLandscape.representationModel.ElementRepresentation>.values(),verso.representation.cubeLandscape.representationModel.PackageRepresentation.setCamDist(double,double,double),verso.representation.cubeLandscape.representationModel.ElementRepresentation.setCamDist(double,double,double);3.0;0.16666666666666666;2.0;4.0
Data;verso.model.Entity.getMetrics();java.util.Collection<verso.model.Metric>;;java.util.Hashtable<java.lang.String,verso.model.Metric>.values();1.0;0.5;0.0;1.0
Data;verso.representation.Visitor.visit(verso.model.InterfaceDef);java.lang.Object;;;1.0;0.0;0.0;0.0
Data;verso.representation.cubeLandscape.representationModel.PackageRepresentation.countDescendantClasses();int;;java.util.HashMap<java.lang.String,verso.representation.cubeLandscape.representationModel.ElementRepresentation>.size(),verso.representation.cubeLandscape.representationModel.PackageRepresentation.countDescendantClasses(),java.util.HashMap<java.lang.String,verso.representation.cubeLandscape.representationModel.PackageRepresentation>.values();2.0;0.16666666666666666;0.0;3.0
Data;verso.parsing.csv.CsvParser2.processHead(java.lang.String);void;;verso.parsing.csv.CsvParser2.processHeadMethod(java.lang.String),java.lang.String.compareTo(java.lang.String),java.lang.String.substring(int,int),java.lang.String.indexOf(int,int),java.lang.String.indexOf(int),verso.parsing.csv.CsvParser2.processHeadClass(java.lang.String),verso.parsing.csv.CsvParser2.processHeadPackage(java.lang.String);4.0;0.0;0.0;7.0
Data;verso.graphics.camera.Camera.zoom(int);void;;;1.0;0.0;0.0;0.0
Data;verso.representation.cubeLandscape.modelVisitor.MappingVisitor.applyMapping(verso.representation.cubeLandscape.representationModel.MethodRepresentation);void;;verso.model.Metric.getMax(),java.lang.Math.min(double,double),java.lang.String.compareTo(java.lang.String),verso.representation.cubeLandscape.representationModel.EntityRepresentation.setColor(java.awt.Color),verso.representation.cubeLandscape.modelVisitor.Mapping.getMetric(),verso.representation.cubeLandscape.representationModel.EntityRepresentation.setHeight(double),verso.model.Entity.getMetric(java.lang.String),verso.model.Metric.getValue(),verso.representation.cubeLandscape.representationModel.LowLevelElementRepresentation.getElement(),verso.representation.cubeLandscape.representationModel.LowLevelElementRepresentation.setTwist(double);6.0;0.3333333333333333;0.0;10.0
Data;verso.representation.cubeLandscape.modelVisitor.CubeLandScapeVisitor.visit(verso.model.ClassDef);java.lang.Object;verso.representation.Visitor;verso.representation.cubeLandscape.representationModel.ElementRepresentation.addMethod(verso.representation.cubeLandscape.representationModel.MethodRepresentation),verso.model.Method.accept(verso.representation.Visitor),java.lang.Math.random(),verso.model.Element.getMethods(),verso.representation.cubeLandscape.representationModel.EntityRepresentation.setHeight(double);2.0;0.0;1.0;5.0
Data;verso.graphics.camera.Camera.moveCross(int,int);void;;;1.0;0.0;0.0;0.0
Data;verso.model.Package.Package(java.lang.String);Constructor;;;1.0;1.0;0.0;0.0
Data;verso.representation.cubeLandscape.representationModel.EntityRepresentation.getEntity();verso.model.Entity;;;1.0;0.0;0.0;0.0
Data;verso.model.Entity.addMetric(verso.model.Metric);void;;java.util.Hashtable<java.lang.String,verso.model.Metric>.put(java.lang.String,verso.model.Metric),verso.model.Metric.getName();1.0;0.5;0.0;2.0
Data;verso.graphics.camera.Camera.setNormalZ(float);void;;;1.0;0.1111111111111111;0.0;0.0
Data;verso.graphics.Scene.mouseExited(java.awt.event.MouseEvent);void;java.awt.event.MouseListener;;1.0;0.0;1.0;0.0
Data;verso.model.Metric.Metric(java.lang.String,double,double,double);Constructor;;;1.0;1.0;0.0;0.0
Data;verso.representation.cubeLandscape.representationModel.PackageRepresentation.getSizeZ();double;;;1.0;0.08333333333333333;0.0;0.0
Data;verso.representation.cubeLandscape.representationModel.ElementRepresentation.acceptMapping(verso.representation.cubeLandscape.modelVisitor.MappingVisitor);void;;verso.representation.cubeLandscape.modelVisitor.MappingVisitor.applyMapping(verso.representation.cubeLandscape.representationModel.ElementRepresentation);1.0;0.0;0.0;1.0
Data;verso.representation.cubeLandscape.representationModel.EntityRepresentation.getPosZ();int;;;1.0;0.2;0.0;0.0
Data;verso.model.Attribute.Attribute(java.lang.String);Constructor;;;1.0;0.0;0.0;0.0
Data;verso.representation.cubeLandscape.representationModel.ElementRepresentation.render(javax.media.opengl.GL);void;verso.representation.Renderable,verso.representation.cubeLandscape.representationModel.EntityRepresentation;verso.representation.cubeLandscape.representationModel.LowLevelElementRepresentation.render(javax.media.opengl.GL),java.lang.Math.ceil(double),java.util.Collection<verso.representation.cubeLandscape.representationModel.AttributeRepresentation>.size(),javax.media.opengl.GL.glScaled(double,double,double),javax.media.opengl.GL.glColor3f(float,float,float),java.util.HashMap<java.lang.String,verso.representation.cubeLandscape.representationModel.AttributeRepresentation>.values(),javax.media.opengl.GL.glTranslated(double,double,double),java.awt.Color.getBlue(),verso.representation.cubeLandscape.representationModel.LowLevelElementRepresentation.setGridSize(double),javax.media.opengl.GL.glPushMatrix(),java.awt.Color.getRed(),java.util.Map<java.lang.Integer,verso.representation.cubeLandscape.representationModel.EntityRepresentation>.put(java.lang.Integer,verso.representation.cubeLandscape.representationModel.EntityRepresentation),java.lang.Math.sqrt(double),java.awt.Color.getGreen(),java.util.HashMap<java.lang.String,verso.representation.cubeLandscape.representationModel.MethodRepresentation>.values(),javax.media.opengl.GL.glPopMatrix(),javax.media.opengl.GL.glRotated(double,double,double,double),javax.media.opengl.GL.glLoadName(int),java.util.Collection<verso.representation.cubeLandscape.representationModel.MethodRepresentation>.size(),verso.graphics.primitives.Primitive.render(javax.media.opengl.GL);6.0;0.7777777777777778;2.0;20.0
Data;verso.representation.cubeLandscape.modelVisitor.MappingVisitor.addPackageMapping(verso.representation.cubeLandscape.modelVisitor.Mapping);void;;java.util.List<verso.representation.cubeLandscape.modelVisitor.Mapping>.add(verso.representation.cubeLandscape.modelVisitor.Mapping);1.0;0.3333333333333333;0.0;1.0
Data;verso.graphics.Scene.main(java.lang.String[]);void;;verso.representation.cubeLandscape.modelVisitor.MappingVisitor.addPackageMapping(verso.representation.cubeLandscape.modelVisitor.Mapping),java.io.PrintStream.println(java.lang.String),verso.model.SystemDef.accept(verso.representation.Visitor),java.awt.Window.setSize(java.awt.Dimension),java.awt.Container.add(java.awt.Component),verso.graphics.Scene.addRenderable(verso.representation.Renderable),verso.representation.cubeLandscape.representationModel.PackageRepresentation.addPackage(verso.representation.cubeLandscape.representationModel.PackageRepresentation),verso.representation.cubeLandscape.Layout.TreemapLayout.layout(verso.representation.cubeLandscape.representationModel.PackageRepresentation),verso.representation.cubeLandscape.representationModel.EntityRepresentation.setColor(java.awt.Color),verso.representation.cubeLandscape.modelVisitor.MappingVisitor.addMethodMapping(verso.representation.cubeLandscape.modelVisitor.Mapping),javax.swing.JFrame.setDefaultCloseOperation(int),verso.graphics.Scene.print(verso.representation.cubeLandscape.representationModel.PackageRepresentation,int),java.awt.Component.setPreferredSize(java.awt.Dimension),verso.parsing.csv.CsvParser2.parseFile(java.lang.String),java.awt.Window.setVisible(boolean),verso.representation.cubeLandscape.modelVisitor.MappingVisitor.addClassMapping(verso.representation.cubeLandscape.modelVisitor.Mapping),verso.representation.cubeLandscape.representationModel.SystemRepresentation.getPackages(),verso.representation.cubeLandscape.representationModel.PackageRepresentation.acceptMapping(verso.representation.cubeLandscape.modelVisitor.MappingVisitor);2.0;0.0;0.0;18.0
Data;verso.representation.cubeLandscape.representationModel.PackageRepresentation.getSizeX();double;;;1.0;0.08333333333333333;0.0;0.0
Data;verso.graphics.RotateTest.run();void;java.lang.Runnable;javax.media.opengl.GLJPanel.display(),verso.graphics.camera.CameraSphere.computeCartesianCoordinate(),verso.graphics.camera.CameraSphere.addTheta(double);2.0;1.0;1.0;3.0
Data;verso.representation.cubeLandscape.representationModel.EntityRepresentation.getPosX();int;;;1.0;0.2;0.0;0.0
Data;verso.representation.cubeLandscape.representationModel.ElementRepresentation.addMethod(verso.representation.cubeLandscape.representationModel.MethodRepresentation);void;;verso.model.Entity.getName(),java.util.HashMap<java.lang.String,verso.representation.cubeLandscape.representationModel.MethodRepresentation>.put(java.lang.String,verso.representation.cubeLandscape.representationModel.MethodRepresentation),verso.representation.cubeLandscape.representationModel.LowLevelElementRepresentation.getElement();1.0;0.1111111111111111;0.0;3.0
Data;verso.representation.cubeLandscape.representationModel.LowLevelElementRepresentation.LowLevelElementRepresentation(verso.model.LowLevelElement);Constructor;;;1.0;1.0;0.0;0.0
Data;verso.model.Method.addTarget(java.lang.String);void;;java.util.Set<java.lang.String>.add(java.lang.String);1.0;0.5;0.0;1.0
Data;verso.model.Package.getSubElements();java.util.Collection<verso.model.Element>;;java.util.Hashtable<java.lang.String,verso.model.Element>.values();1.0;0.5;0.0;1.0
Data;verso.parsing.csv.BadFileException.BadFileException(java.lang.String);Constructor;;;1.0;0.0;0.0;0.0
Data;verso.representation.cubeLandscape.representationModel.AttributeRepresentation.AttributeRepresentation(verso.model.Attribute);Constructor;;;1.0;0.0;0.0;0.0
Data;verso.model.SystemDef.addPackage(verso.model.Package);void;;verso.model.SystemDef.introduceOrCopy(verso.model.Package),verso.model.Entity.getName(),java.util.HashMap<java.lang.String,verso.model.Package>.put(java.lang.String,verso.model.Package);1.0;0.2;0.0;3.0
Data;verso.model.Metric.getMin();double;;;1.0;0.25;0.0;0.0
Data;verso.representation.cubeLandscape.representationModel.PackageRepresentation.renderBorders(javax.media.opengl.GL);void;;javax.media.opengl.GL.glPushMatrix(),javax.media.opengl.GL.glScaled(double,double,double),javax.media.opengl.GL.glPopMatrix(),javax.media.opengl.GL.glColor3f(float,float,float),javax.media.opengl.GL.glTranslated(double,double,double),verso.graphics.primitives.Primitive.render(javax.media.opengl.GL);1.0;0.5;0.0;6.0
Data;verso.graphics.camera.Camera.moveVerticalHorizontal(int,int);void;;;1.0;0.0;0.0;0.0
Data;verso.representation.cubeLandscape.representationModel.PackageRepresentation.createPseudoPackage();void;;verso.model.Entity.getName(),java.util.HashMap<java.lang.String,verso.representation.cubeLandscape.representationModel.PackageRepresentation>.values(),verso.representation.cubeLandscape.representationModel.PackageRepresentation.setSizeZ(double),java.util.HashMap<java.lang.String,verso.representation.cubeLandscape.representationModel.ElementRepresentation>.values(),verso.representation.cubeLandscape.representationModel.PackageRepresentation.setSizeX(double),verso.representation.cubeLandscape.representationModel.PackageRepresentation.createPseudoPackage();5.0;0.3333333333333333;0.0;6.0
Data;verso.model.SystemDef.toString();java.lang.String;java.lang.Object;java.util.Iterator<verso.model.Element>.hasNext(),java.util.Collection<verso.model.Element>.iterator(),java.io.PrintStream.println(int),verso.model.SystemDef.getName(),java.lang.Object.toString(),java.util.HashMap<java.lang.String,verso.model.Element>.values(),java.util.Collection<verso.model.Element>.size(),java.util.Iterator<verso.model.Element>.next();2.0;0.2;1.0;8.0
Data;verso.graphics.Scene.render(javax.media.opengl.GL);void;;javax.media.opengl.GL.glPushMatrix(),javax.media.opengl.GL.glColorMaterial(int,int),javax.media.opengl.GL.glPopMatrix(),verso.representation.Renderable.render(javax.media.opengl.GL);2.0;0.047619047619047616;0.0;4.0
Data;verso.representation.cubeLandscape.representationModel.InterfaceRepresentation.InterfaceRepresentation(verso.model.InterfaceDef);Constructor;;;1.0;0.0;0.0;0.0
Data;verso.graphics.primitives.Cylinder.render(javax.media.opengl.GL);void;verso.graphics.primitives.Primitive;javax.media.opengl.GL.glPushMatrix(),javax.media.opengl.glu.GLU.gluDisk(javax.media.opengl.glu.GLUquadric,double,double,int,int),javax.media.opengl.glu.GLU.gluCylinder(javax.media.opengl.glu.GLUquadric,double,double,double,int,int),javax.media.opengl.glu.GLU.gluNewQuadric(),javax.media.opengl.GL.glPopMatrix(),javax.media.opengl.GL.glRotated(double,double,double,double),javax.media.opengl.GL.glTranslated(double,double,double);1.0;0.0;1.0;7.0
Data;verso.parsing.csv.CsvParser2.processLine(java.lang.String);void;;verso.parsing.csv.CsvParser2.processHead(java.lang.String),java.lang.String.compareTo(java.lang.String),java.lang.String.substring(int,int),java.lang.String.indexOf(int),verso.parsing.csv.CsvParser2.processData(java.lang.String);2.0;0.0;0.0;5.0
Data;verso.graphics.Scene.mouseEntered(java.awt.event.MouseEvent);void;java.awt.event.MouseListener;;1.0;0.0;1.0;0.0
Data;verso.representation.cubeLandscape.modelVisitor.Mapping.getGvalue();java.lang.String;;;1.0;0.5;0.0;0.0
Data;verso.parsing.csv.CsvParser2.processData(java.lang.String);void;;verso.parsing.csv.CsvParser2.processPackage(java.lang.String),verso.parsing.csv.CsvParser2.processMethod(java.lang.String),verso.parsing.csv.CsvParser2.processClass(java.lang.String);4.0;0.4444444444444444;0.0;3.0
Data;verso.model.ClassDef.accept(verso.representation.Visitor);java.lang.Object;verso.model.Element,verso.model.Entity;verso.representation.Visitor.visit(verso.model.ClassDef);1.0;0.0;2.0;1.0
Data;verso.graphics.camera.CameraSphere.moveCross(int,int);void;verso.graphics.camera.Camera;verso.graphics.camera.CameraSphere.computeSphericalCoordinates(),java.lang.Math.sqrt(double);1.0;0.3333333333333333;1.0;2.0
Data;verso.model.SystemDef.getName();java.lang.String;;;1.0;0.2;0.0;0.0
Data;verso.parsing.csv.CsvParser2.processPackage(java.lang.String);void;;java.util.List<java.lang.String>.get(int),java.util.List<java.lang.Double>.get(int),verso.model.Entity.addMetric(verso.model.Metric),java.lang.String.split(java.lang.String),java.lang.Double.valueOf(java.lang.String),verso.model.SystemDef.addPackage(verso.model.Package);2.0;0.4444444444444444;0.0;6.0
Data;verso.graphics.camera.Camera.getNormalZ();double;;;1.0;0.1111111111111111;0.0;0.0
Data;verso.model.Element.setParent(java.lang.String);void;;;1.0;0.125;0.0;0.0
Data;verso.model.SystemDef.ToStringSpecial(int);java.lang.String;;verso.model.Package.toStringSpecial(int),verso.model.SystemDef.getName(),java.util.HashMap<java.lang.String,verso.model.Package>.values();3.0;0.2;0.0;3.0
Data;verso.representation.cubeLandscape.modelVisitor.CubeLandScapeVisitor.visit(verso.model.Entity);java.lang.Object;verso.representation.Visitor;;1.0;0.0;1.0;0.0
Data;verso.graphics.camera.Camera.getNormalX();double;;;1.0;0.1111111111111111;0.0;0.0
Data;verso.model.Entity.accept(verso.representation.Visitor);java.lang.Object;;verso.representation.Visitor.visit(verso.model.Entity);1.0;0.0;0.0;1.0
Data;verso.representation.cubeLandscape.representationModel.PackageRepresentation.setSizeX(double);void;;;1.0;0.08333333333333333;0.0;0.0
Data;verso.graphics.camera.Camera.getZ();double;;;1.0;0.1111111111111111;0.0;0.0
Data;verso.representation.cubeLandscape.representationModel.PackageRepresentation.isRendered();boolean;;;1.0;0.08333333333333333;0.0;0.0
Data;verso.representation.cubeLandscape.representationModel.LowLevelElementRepresentation.render(javax.media.opengl.GL);void;verso.representation.Renderable,verso.representation.cubeLandscape.representationModel.EntityRepresentation;javax.media.opengl.GL.glPushMatrix(),java.awt.Color.getRed(),java.awt.Color.getGreen(),javax.media.opengl.GL.glScaled(double,double,double),javax.media.opengl.GL.glPopMatrix(),javax.media.opengl.GL.glColor3f(float,float,float),javax.media.opengl.GL.glRotated(double,double,double,double),javax.media.opengl.GL.glTranslated(double,double,double),java.awt.Color.getBlue(),verso.graphics.primitives.Primitive.render(javax.media.opengl.GL);1.0;0.6666666666666666;2.0;10.0
Data;verso.model.Metric.setName(java.lang.String);void;;;1.0;0.25;0.0;0.0
Data;verso.graphics.camera.Camera.getX();double;;;1.0;0.1111111111111111;0.0;0.0
Data;verso.representation.cubeLandscape.representationModel.LowLevelElementRepresentation.getElement();verso.model.LowLevelElement;;;1.0;0.3333333333333333;0.0;0.0
Data;verso.representation.cubeLandscape.Layout.TreemapLayout.placePackage(verso.representation.cubeLandscape.representationModel.PackageRepresentation,int,int,int);void;;verso.representation.cubeLandscape.representationModel.EntityRepresentation.setPosZ(int),verso.representation.cubeLandscape.Layout.TreemapLayout.placePackage(verso.representation.cubeLandscape.representationModel.PackageRepresentation,int,int,int),verso.representation.cubeLandscape.representationModel.EntityRepresentation.setPosX(int),java.lang.Math.ceil(double),verso.representation.cubeLandscape.representationModel.PackageRepresentation.getElements(),verso.representation.cubeLandscape.representationModel.PackageRepresentation.getSizeX(),verso.representation.cubeLandscape.representationModel.PackageRepresentation.setSizeZ(double),verso.representation.cubeLandscape.representationModel.PackageRepresentation.countDescendantClasses(),verso.representation.cubeLandscape.representationModel.PackageRepresentation.setSizeX(double),verso.representation.cubeLandscape.representationModel.PackageRepresentation.getPackages(),verso.representation.cubeLandscape.Layout.TreemapLayout.placeClasses(java.util.Collection<verso.representation.cubeLandscape.representationModel.ElementRepresentation>,int,int),verso.representation.cubeLandscape.representationModel.PackageRepresentation.getSizeZ();11.0;1.0;0.0;12.0
Data;verso.representation.cubeLandscape.representationModel.MethodRepresentation.acceptMapping(verso.representation.cubeLandscape.modelVisitor.MappingVisitor);void;;verso.representation.cubeLandscape.modelVisitor.MappingVisitor.applyMapping(verso.representation.cubeLandscape.representationModel.MethodRepresentation);1.0;0.0;0.0;1.0
Data;verso.model.Element.getMethods();java.util.Collection<verso.model.Method>;;java.util.Hashtable<java.lang.String,verso.model.Method>.values();1.0;0.125;0.0;1.0
Data;verso.model.Entity.getMetric(java.lang.String);verso.model.Metric;;java.util.Hashtable<java.lang.String,verso.model.Metric>.get(java.lang.Object);1.0;0.5;0.0;1.0
Data;verso.model.SystemDef.addElement(verso.model.Element);void;;java.util.HashMap<java.lang.String,verso.model.Package>.get(java.lang.Object),java.util.HashMap<java.lang.String,verso.model.Element>.put(java.lang.String,verso.model.Element),java.lang.String.lastIndexOf(int),verso.model.Entity.getName(),java.lang.String.substring(int,int),verso.model.Package.addElement(verso.model.Element);1.0;0.4;0.0;6.0
